Title,Company,Location,Keywords,Link
Cosmos Platform Specialist,Christelijke Mutualiteiten,Schaarbeek,Cosmos,Cosmos Platform Specialist
BI Analyst,Smals,Schaarbeek,Cosmos,Cosmos Platform Specialist
PaaS – Senior Platform Engineer,Smals,Schaarbeek,Cosmos,Cosmos Platform Specialist
PaaS - Junior Platform Engineer,Smals,Schaarbeek,Cosmos,Cosmos Platform Specialist
Title,Company,Location,Keywords,Link
Cosmos Platform Specialist,Christelijke Mutualiteiten,Schaarbeek,Cosmos,Cosmos Platform Specialist
BI Analyst,Smals,Schaarbeek,Cosmos,Cosmos Platform Specialist
PaaS – Senior Platform Engineer,Smals,Schaarbeek,Cosmos,Cosmos Platform Specialist
PaaS - Junior Platform Engineer,Smals,Schaarbeek,Cosmos,Cosmos Platform Specialist
Title,Company,Location,Keywords,Link
Cosmos Platform Specialist,Christelijke Mutualiteiten,Schaarbeek,Cosmos,https://www.ictjob.be/en/job/christelijke-mutualiteiten-cosmos-platform-specialist/2-166887
BI Analyst,Smals,Schaarbeek,Cosmos,https://www.ictjob.be/en/job/christelijke-mutualiteiten-cosmos-platform-specialist/2-166887
PaaS – Senior Platform Engineer,Smals,Schaarbeek,Cosmos,https://www.ictjob.be/en/job/christelijke-mutualiteiten-cosmos-platform-specialist/2-166887
PaaS - Junior Platform Engineer,Smals,Schaarbeek,Cosmos,https://www.ictjob.be/en/job/christelijke-mutualiteiten-cosmos-platform-specialist/2-166887
