Link,Title,ChannelName,View
https://www.youtube.com/watch?v=FFUb5J7wpHI,,,
,"Barstool Pizza Review - Beekman Ale House (Sleepy Hollow, NY)",,
,,One Bite Pizza Reviews,
,,,97K views
https://www.youtube.com/watch?v=YGHq0yj3wHo,,,
,pizza and sandwiches üòç whatsapp or call 03177032194 for order #cheeselover #bestpizzaever#viral,,
,,Melts in Oven,
,,,236 views
https://www.youtube.com/shorts/-xWp71b5WzE,,,
,#Pizza Base Without yeast on tava #shorts #pizza #ytshorts #viralshort #viral,,
,,Nanda ki cg bastar recipe's,
,,,No views
https://www.youtube.com/shorts/7seewXAsqd4,,,
,Biggest Pizza in Barasat at Midtown Bistro #FoodZpah #Shorts #Pizza #Bengal,,
,,FoodZpah Shorts,
,,,706 views
https://www.youtube.com/shorts/VpJXdWfSedI,,,
,#shorts pizza üçïüòã#shorts,,
,,Asharajgupta's cooking,
,,,92 views
